image_url,likes_count,tags_count
https://jarret.name,48,5
https://celestine.name,43,1
https://dorcas.biz,43,4
http://shannon.org,42,3
http://kenny.com,41,3
https://hershel.com,41,0
https://dejon.name,41,2
https://adela.com,41,1
https://delbert.net,41,1
https://anahi.info,41,0
https://kaela.name,41,0
https://fred.com,40,2
https://carolanne.com,40,3
http://janie.com,40,4
https://clare.org,40,1
http://freeda.biz,40,3
http://golden.org,39,2
https://rigoberto.net,39,1
http://lionel.net,39,2
https://brook.com,39,1
https://everette.biz,39,3
https://cesar.com,39,1
http://whitney.net,39,3
http://garrison.name,39,0
https://roderick.name,39,0
https://vivien.com,39,0
http://linnie.com,39,2
https://jane.net,39,5
http://ted.info,39,3
http://nigel.biz,39,5
http://vicky.biz,38,1
http://oleta.net,38,4
https://selina.name,38,4
http://madison.net,38,4
http://camille.name,38,3
https://adella.net,38,0
http://megane.biz,38,1
http://harvey.info,38,0
https://jacinto.org,38,0
http://ruben.net,38,0
http://pearl.info,38,5
https://malcolm.name,38,3
http://annabelle.org,38,1
http://hettie.net,38,1
http://stan.biz,38,0
http://jarred.net,38,4
http://penelope.info,38,2
https://maudie.org,37,0
https://tyshawn.com,37,0
https://cielo.info,37,0
https://easter.net,37,3
http://estevan.org,37,2
http://kirk.org,37,5
http://rylan.biz,37,4
https://tito.name,37,3
http://emery.net,37,3
https://olga.org,37,3
https://edyth.com,37,4
http://devon.info,37,1
http://jovanny.net,37,0
http://trever.org,37,3
http://cynthia.info,37,4
https://celestino.name,37,1
http://destini.net,37,5
https://sid.biz,37,0
https://maggie.info,37,2
https://shanon.org,36,4
http://annamae.name,36,3
https://lisa.com,36,4
http://darron.info,36,3
http://vance.org,36,2
http://collin.com,36,1
http://tristin.name,36,1
https://modesta.info,36,1
http://fabiola.org,36,3
https://fanny.net,36,2
https://gust.net,36,2
https://trycia.com,36,0
https://darwin.net,36,0
https://maymie.net,36,1
http://kaleigh.biz,36,2
https://dameon.name,36,5
https://nolan.name,36,2
http://sheila.com,36,0
http://reva.com,36,3
https://llewellyn.info,36,2
https://dimitri.info,36,2
http://germaine.org,36,1
http://dedrick.info,36,3
https://gerhard.biz,35,2
http://miracle.info,35,1
http://emmet.com,35,0
http://annie.name,35,3
http://kennith.net,35,3
http://tressie.info,35,0
https://deondre.com,35,1
http://danyka.net,35,0
https://jarret.info,35,0
https://holden.com,35,0
https://geoffrey.info,35,0
https://trinity.biz,35,3
http://barton.name,35,1
https://lina.biz,35,3
http://joanie.name,35,1
http://lia.biz,35,3
https://marianna.info,35,5
https://roel.org,35,4
http://leo.com,35,1
https://hilda.info,35,2
http://emilie.net,35,0
http://keshawn.org,35,1
http://princess.org,35,0
https://brittany.org,35,5
https://devonte.name,35,0
https://erik.com,35,1
https://sherwood.net,34,0
http://ralph.name,34,0
http://kendall.biz,34,2
https://glenda.info,34,0
http://emmalee.org,34,4
https://woodrow.com,34,2
http://aiden.org,34,3
http://verner.org,34,2
http://einar.net,34,3
http://terry.info,34,3
https://bryce.org,34,1
http://lottie.net,34,3
http://virginia.org,34,5
https://margarita.info,34,4
https://kayden.biz,34,0
http://bridie.name,34,3
https://donavon.org,34,4
http://kendrick.net,34,3
http://laila.info,34,0
https://isaias.biz,34,4
http://julia.info,34,3
http://quinten.info,34,1
https://lila.biz,34,4
http://myron.org,34,1
http://ephraim.com,34,0
https://jasmin.biz,34,3
http://dino.name,34,0
https://humberto.org,34,3
https://timmy.info,34,0
http://lucio.org,34,3
https://mariano.net,34,3
https://madaline.name,34,4
https://blanche.net,34,1
https://cecilia.net,34,2
http://jennie.com,34,0
https://marcelino.com,33,3
http://ignacio.net,33,4
http://kurtis.info,33,5
http://nathan.net,33,2
https://julian.net,33,3
https://elmore.org,33,3
https://marian.biz,33,2
https://mariam.com,33,0
http://arthur.name,33,3
http://charlie.com,33,4
http://moses.biz,33,1
https://carey.com,33,2
https://earline.info,33,2
https://cathrine.com,33,0
https://demarco.com,33,1
http://rickey.name,33,4
https://carmella.com,33,4
https://lesly.com,33,3
https://jessy.name,33,0
http://jody.biz,33,5
https://colt.org,33,4
http://violet.info,33,4
https://jadyn.name,33,4
http://ayden.name,33,0
https://xzavier.org,33,0
https://henderson.com,32,3
http://bonnie.info,32,3
https://noemie.com,32,3
http://kasandra.com,32,2
https://kennedi.org,32,0
http://roger.info,32,2
https://aliyah.biz,32,0
https://dolores.org,32,2
https://alia.name,32,0
https://roberta.net,32,0
http://delpha.com,32,2
https://julianne.org,32,3
http://susie.info,32,2
http://hollis.com,32,5
https://emilia.org,32,0
http://mekhi.name,32,2
http://ryleigh.info,32,1
https://jennings.biz,31,4
https://quinn.biz,31,4
https://branson.biz,31,1
https://mac.org,31,0
https://reece.net,31,0
http://remington.name,31,2
http://alena.net,31,2
https://clair.com,31,0
https://mafalda.org,31,2
http://paxton.com,31,2
https://jensen.name,31,4
https://karina.biz,31,0
http://euna.info,31,0
http://victoria.biz,31,2
http://jedediah.net,31,1
http://sedrick.net,31,1
http://blanca.org,31,0
http://germaine.name,31,0
http://ellen.info,31,2
http://laney.name,31,4
http://ole.info,31,2
http://helena.name,31,0
https://noble.net,31,1
https://devan.com,31,3
https://kathleen.biz,31,0
http://ayla.org,31,3
https://darien.name,31,4
https://elenor.name,30,1
http://saige.com,30,5
http://dominic.biz,30,1
http://kailee.org,30,5
https://aimee.info,30,0
http://ora.net,30,0
http://rico.biz,30,3
https://mariane.org,30,3
https://javonte.org,30,0
http://deontae.org,30,2
http://cali.net,30,0
https://jarrett.name,30,2
http://felicity.name,29,1
https://alisha.com,29,0
https://abagail.com,29,3
http://lacy.biz,29,1
http://boris.biz,29,1
http://buddy.com,29,0
http://americo.biz,29,0
http://lurline.info,29,1
http://rosetta.net,29,1
https://estell.info,29,0
http://florine.org,29,1
https://ford.biz,29,2
https://ruthie.info,29,4
https://evan.name,29,0
https://brooklyn.name,28,3
https://ariel.net,28,5
https://norval.com,28,2
https://helmer.org,28,2
https://elyssa.biz,28,1
http://malvina.org,27,4
http://zena.com,27,1
https://seamus.org,27,1
http://adela.com,27,5
http://marcellus.info,26,0
http://elijah.biz,25,5
http://howard.net,25,0
