image_url,likes_count,comments_count
https://jarret.name,48,27
https://celestine.name,43,30
https://dorcas.biz,43,28
http://shannon.org,42,31
http://kenny.com,41,30
https://hershel.com,41,30
https://dejon.name,41,24
https://adela.com,41,34
https://delbert.net,41,30
https://anahi.info,41,29
https://kaela.name,41,29
https://fred.com,40,39
https://carolanne.com,40,32
http://janie.com,40,32
https://clare.org,40,31
http://freeda.biz,40,28
http://golden.org,39,26
https://rigoberto.net,39,31
http://lionel.net,39,28
https://brook.com,39,27
https://everette.biz,39,26
https://cesar.com,39,27
http://whitney.net,39,35
http://garrison.name,39,28
https://roderick.name,39,23
https://vivien.com,39,29
http://linnie.com,39,23
https://jane.net,39,33
http://ted.info,39,24
http://nigel.biz,39,35
http://vicky.biz,38,27
http://oleta.net,38,32
https://selina.name,38,27
http://madison.net,38,26
http://camille.name,38,27
https://adella.net,38,31
http://megane.biz,38,27
http://harvey.info,38,24
https://jacinto.org,38,26
http://ruben.net,38,27
http://pearl.info,38,27
https://malcolm.name,38,28
http://annabelle.org,38,28
http://hettie.net,38,30
http://stan.biz,38,35
http://jarred.net,38,24
http://penelope.info,38,34
https://maudie.org,37,22
https://tyshawn.com,37,28
https://cielo.info,37,30
https://easter.net,37,31
http://estevan.org,37,29
http://kirk.org,37,25
http://rylan.biz,37,25
https://tito.name,37,26
http://emery.net,37,25
https://olga.org,37,29
https://edyth.com,37,34
http://devon.info,37,33
http://jovanny.net,37,32
http://trever.org,37,30
http://cynthia.info,37,31
https://celestino.name,37,36
http://destini.net,37,22
https://sid.biz,37,29
https://maggie.info,37,25
https://shanon.org,36,31
http://annamae.name,36,23
https://lisa.com,36,29
http://darron.info,36,33
http://vance.org,36,30
http://collin.com,36,33
http://tristin.name,36,31
https://modesta.info,36,31
http://fabiola.org,36,26
https://fanny.net,36,32
https://gust.net,36,23
https://trycia.com,36,24
https://darwin.net,36,30
https://maymie.net,36,33
http://kaleigh.biz,36,30
https://dameon.name,36,34
https://nolan.name,36,27
http://sheila.com,36,27
http://reva.com,36,32
https://llewellyn.info,36,29
https://dimitri.info,36,24
http://germaine.org,36,25
http://dedrick.info,36,24
https://gerhard.biz,35,27
http://miracle.info,35,34
http://emmet.com,35,26
http://annie.name,35,26
http://kennith.net,35,29
http://tressie.info,35,28
https://deondre.com,35,27
http://danyka.net,35,29
https://jarret.info,35,28
https://holden.com,35,29
https://geoffrey.info,35,27
https://trinity.biz,35,30
http://barton.name,35,30
https://lina.biz,35,31
http://joanie.name,35,27
http://lia.biz,35,31
https://marianna.info,35,34
https://roel.org,35,29
http://leo.com,35,32
https://hilda.info,35,31
http://emilie.net,35,28
http://keshawn.org,35,32
http://princess.org,35,27
https://brittany.org,35,30
https://devonte.name,35,32
https://erik.com,35,29
https://sherwood.net,34,28
http://ralph.name,34,29
http://kendall.biz,34,29
https://glenda.info,34,32
http://emmalee.org,34,30
https://woodrow.com,34,30
http://aiden.org,34,26
http://verner.org,34,27
http://einar.net,34,28
http://terry.info,34,26
https://bryce.org,34,28
http://lottie.net,34,28
http://virginia.org,34,30
https://margarita.info,34,28
https://kayden.biz,34,32
http://bridie.name,34,27
https://donavon.org,34,31
http://kendrick.net,34,33
http://laila.info,34,32
https://isaias.biz,34,24
http://julia.info,34,28
http://quinten.info,34,28
https://lila.biz,34,32
http://myron.org,34,34
http://ephraim.com,34,28
https://jasmin.biz,34,29
http://dino.name,34,35
https://humberto.org,34,27
https://timmy.info,34,34
http://lucio.org,34,30
https://mariano.net,34,26
https://madaline.name,34,29
https://blanche.net,34,26
https://cecilia.net,34,34
http://jennie.com,34,24
https://marcelino.com,33,27
http://ignacio.net,33,36
http://kurtis.info,33,26
http://nathan.net,33,24
https://julian.net,33,29
https://elmore.org,33,31
https://marian.biz,33,32
https://mariam.com,33,29
http://arthur.name,33,28
http://charlie.com,33,26
http://moses.biz,33,27
https://carey.com,33,27
https://earline.info,33,31
https://cathrine.com,33,37
https://demarco.com,33,28
http://rickey.name,33,29
https://carmella.com,33,39
https://lesly.com,33,33
https://jessy.name,33,35
http://jody.biz,33,29
https://colt.org,33,25
http://violet.info,33,32
https://jadyn.name,33,28
http://ayden.name,33,26
https://xzavier.org,33,29
https://henderson.com,32,25
http://bonnie.info,32,33
https://noemie.com,32,31
http://kasandra.com,32,28
https://kennedi.org,32,32
http://roger.info,32,26
https://aliyah.biz,32,26
https://dolores.org,32,28
https://alia.name,32,30
https://roberta.net,32,31
http://delpha.com,32,29
https://julianne.org,32,29
http://susie.info,32,30
http://hollis.com,32,31
https://emilia.org,32,29
http://mekhi.name,32,23
http://ryleigh.info,32,26
https://jennings.biz,31,27
https://quinn.biz,31,29
https://branson.biz,31,25
https://mac.org,31,27
https://reece.net,31,27
http://remington.name,31,34
http://alena.net,31,29
https://clair.com,31,32
https://mafalda.org,31,29
http://paxton.com,31,30
https://jensen.name,31,29
https://karina.biz,31,34
http://euna.info,31,31
http://victoria.biz,31,31
http://jedediah.net,31,27
http://sedrick.net,31,31
http://blanca.org,31,29
http://germaine.name,31,33
http://ellen.info,31,30
http://laney.name,31,27
http://ole.info,31,29
http://helena.name,31,29
https://noble.net,31,26
https://devan.com,31,35
https://kathleen.biz,31,29
http://ayla.org,31,23
https://darien.name,31,26
https://elenor.name,30,24
http://saige.com,30,33
http://dominic.biz,30,24
http://kailee.org,30,30
https://aimee.info,30,36
http://ora.net,30,21
http://rico.biz,30,24
https://mariane.org,30,27
https://javonte.org,30,26
http://deontae.org,30,33
http://cali.net,30,26
https://jarrett.name,30,28
http://felicity.name,29,27
https://alisha.com,29,33
https://abagail.com,29,31
http://lacy.biz,29,26
http://boris.biz,29,32
http://buddy.com,29,23
http://americo.biz,29,35
http://lurline.info,29,26
http://rosetta.net,29,30
https://estell.info,29,26
http://florine.org,29,30
https://ford.biz,29,30
https://ruthie.info,29,24
https://evan.name,29,33
https://brooklyn.name,28,34
https://ariel.net,28,35
https://norval.com,28,35
https://helmer.org,28,39
https://elyssa.biz,28,24
http://malvina.org,27,38
http://zena.com,27,34
https://seamus.org,27,26
http://adela.com,27,30
http://marcellus.info,26,33
http://elijah.biz,25,25
http://howard.net,25,32
